arrival_rate,mean_delay
0.100000,1.055552
0.200000,1.125003
0.300000,1.214300
0.400000,1.333388
0.500000,1.500138
0.600000,1.750237
0.700000,2.167045
0.800000,3.000765
0.900000,5.504026